{
  "base_irr": 7.921145147178321,
  "sensitivities": [
    {
      "parameter": "Property Appreciation Rate",
      "base_value": 0.04,
      "base_irr": 7.921145147178321,
      "low": {
        "value": 0.024,
        "irr": 4.84197281906381,
        "delta_irr": -3.0791723281145114,
        "delta_pct": -38.8728178931474,
        "atcf": -6.302973856209064,
        "delta_atcf": 0.0
      },
      "high": {
        "value": 0.055999999999999994,
        "irr": 10.530238493811334,
        "delta_irr": 2.6090933466330126,
        "delta_pct": 32.938335280504575,
        "atcf": -6.302973856209064,
        "delta_atcf": 0.0
      },
      "range_pct": 40,
      "impact": 5.688265674747524,
      "base_atcf": -6.302973856209064,
      "impact_atcf": 0.0
    },
    {
      "parameter": "Interest Rate",
      "base_value": 0.013,
      "base_irr": 7.921145147178321,
      "low": {
        "value": 0.002999997,
        "irr": 9.608491280581802,
        "delta_irr": 1.687346133403481,
        "delta_pct": 21.301795410282935,
        "atcf": 183.28041635212435,
        "delta_atcf": 189.5833902083334
      },
      "high": {
        "value": 0.023000002999999998,
        "irr": 6.313563760835672,
        "delta_irr": -1.6075813863426491,
        "delta_pct": -20.294810364828418,
        "atcf": -195.88636406454228,
        "delta_atcf": -189.5833902083332
      },
      "range_pct": 154,
      "impact": 3.29492751974613,
      "base_atcf": -6.302973856209064,
      "impact_atcf": 379.1667804166666
    },
    {
      "parameter": "Loan-to-Value (LTV)",
      "base_value": 0.75,
      "base_irr": 7.921145147178321,
      "low": {
        "value": 0.675,
        "irr": 6.9960371847264415,
        "delta_irr": -0.9251079624518797,
        "delta_pct": -11.678967437952108,
        "atcf": 30.378692810457625,
        "delta_atcf": 36.681666666666686
      },
      "high": {
        "value": 0.8250000000000001,
        "irr": 9.257025834638622,
        "delta_irr": 1.3358806874603006,
        "delta_pct": 16.864741936160197,
        "atcf": -42.98464052287566,
        "delta_atcf": -36.681666666666594
      },
      "range_pct": 20,
      "impact": 2.2609886499121803,
      "base_atcf": -6.302973856209064,
      "impact_atcf": 73.36333333333329
    },
    {
      "parameter": "Average Daily Rate",
      "base_value": 200.0,
      "base_irr": 7.921145147178321,
      "low": {
        "value": 160.0,
        "irr": 6.396779245231299,
        "delta_irr": -1.5243659019470224,
        "delta_pct": -19.24426170236299,
        "atcf": -244.5863071895425,
        "delta_atcf": -238.28333333333345
      },
      "high": {
        "value": 240.0,
        "irr": 8.600843255873766,
        "delta_irr": 0.6796981086954448,
        "delta_pct": 8.580806134294454,
        "atcf": 97.00035947712412,
        "delta_atcf": 103.30333333333319
      },
      "range_pct": 40,
      "impact": 2.204064010642467,
      "base_atcf": -6.302973856209064,
      "impact_atcf": 341.58666666666664
    },
    {
      "parameter": "Maintenance Reserve Rate",
      "base_value": 0.0025,
      "base_irr": 7.921145147178321,
      "low": {
        "value": 0.0,
        "irr": 8.63594219880178,
        "delta_irr": 0.7147970516234592,
        "delta_pct": 9.023910537456633,
        "atcf": 83.97480392156871,
        "delta_atcf": 90.27777777777777
      },
      "high": {
        "value": 0.005,
        "irr": 7.213870283681895,
        "delta_irr": -0.7072748634964263,
        "delta_pct": -8.928947145330023,
        "atcf": -96.58075163398685,
        "delta_atcf": -90.27777777777779
      },
      "range_pct": 100,
      "impact": 1.4220719151198855,
      "base_atcf": -6.302973856209064,
      "impact_atcf": 180.55555555555554
    },
    {
      "parameter": "Average Length of Stay",
      "base_value": 1.7,
      "base_irr": 7.921145147178321,
      "low": {
        "value": 1.19,
        "irr": 7.103589340578761,
        "delta_irr": -0.8175558065995601,
        "delta_pct": -10.321181993373656,
        "atcf": -132.94162931839412,
        "delta_atcf": -126.63865546218506
      },
      "high": {
        "value": 2.21,
        "irr": 8.368502641562367,
        "delta_irr": 0.44735749438404593,
        "delta_pct": 5.6476366241490235,
        "atcf": 61.88707139265969,
        "delta_atcf": 68.19004524886876
      },
      "range_pct": 60,
      "impact": 1.264913300983606,
      "base_atcf": -6.302973856209064,
      "impact_atcf": 194.8287007110538
    },
    {
      "parameter": "Cleaning Cost per Stay",
      "base_value": 100.0,
      "base_irr": 7.921145147178321,
      "low": {
        "value": 70.0,
        "irr": 8.50369955459609,
        "delta_irr": 0.582554407417768,
        "delta_pct": 7.354421571548732,
        "atcf": 82.34408496732027,
        "delta_atcf": 88.64705882352933
      },
      "high": {
        "value": 130.0,
        "irr": 7.347069051582364,
        "delta_irr": -0.5740760955959576,
        "delta_pct": -7.247387655817109,
        "atcf": -94.9500326797385,
        "delta_atcf": -88.64705882352943
      },
      "range_pct": 60,
      "impact": 1.1566305030137256,
      "base_atcf": -6.302973856209064,
      "impact_atcf": 177.29411764705878
    },
    {
      "parameter": "Occupancy Rate",
      "base_value": 0.65,
      "base_irr": 7.921145147178321,
      "low": {
        "value": 0.5850000000000001,
        "irr": 7.355151108931748,
        "delta_irr": -0.5659940382465729,
        "delta_pct": -7.145356229814724,
        "atcf": -93.6929738562092,
        "delta_atcf": -87.39000000000014
      },
      "high": {
        "value": 0.7150000000000001,
        "irr": 8.077505628112702,
        "delta_irr": 0.1563604809343806,
        "delta_pct": 1.973963082725223,
        "atcf": 17.61846405228768,
        "delta_atcf": 23.921437908496745
      },
      "range_pct": 20,
      "impact": 0.7223545191809535,
      "base_atcf": -6.302973856209064,
      "impact_atcf": 111.31143790849688
    },
    {
      "parameter": "Purchase Price",
      "base_value": 1300000.0,
      "base_irr": 7.921145147178321,
      "low": {
        "value": 1170000.0,
        "irr": 8.249251519795505,
        "delta_irr": 0.3281063726171842,
        "delta_pct": 4.142158318283848,
        "atcf": 39.40647058823541,
        "delta_atcf": 45.70944444444447
      },
      "high": {
        "value": 1430000.0,
        "irr": 7.65470977546647,
        "delta_irr": -0.26643537171185105,
        "delta_pct": -3.3635966361096283,
        "atcf": -52.01241830065343,
        "delta_atcf": -45.709444444444365
      },
      "range_pct": 20,
      "impact": 0.5945417443290353,
      "base_atcf": -6.302973856209064,
      "impact_atcf": 91.41888888888883
    },
    {
      "parameter": "Selling Costs Rate",
      "base_value": 0.078,
      "base_irr": 7.921145147178321,
      "low": {
        "value": 0.057999942000000006,
        "irr": 8.20490680960938,
        "delta_irr": 0.2837616624310586,
        "delta_pct": 3.5823313063786046,
        "atcf": -6.302973856209064,
        "delta_atcf": 0.0
      },
      "high": {
        "value": 0.09799998,
        "irr": 7.6267244950868145,
        "delta_irr": -0.2944206520915067,
        "delta_pct": -3.716895052685476,
        "atcf": -6.302973856209064,
        "delta_atcf": 0.0
      },
      "range_pct": 26,
      "impact": 0.5781823145225653,
      "base_atcf": -6.302973856209064,
      "impact_atcf": 0.0
    },
    {
      "parameter": "Winter Season Occupancy",
      "base_value": 0.75,
      "base_irr": 7.921145147178321,
      "low": {
        "value": 0.6375,
        "irr": 7.637121189851309,
        "delta_irr": -0.2840239573270118,
        "delta_pct": -3.58564263183824,
        "atcf": -49.99907679738559,
        "delta_atcf": -43.69610294117653
      },
      "high": {
        "value": 0.8624999999999999,
        "irr": 8.207229116465891,
        "delta_irr": 0.28608396928756985,
        "delta_pct": 3.611649123605303,