{
  "base_irr": 5.360375928226854,
  "sensitivities": [
    {
      "parameter": "Property Appreciation Rate",
      "base_value": 0.04,
      "base_irr": 5.360375928226854,
      "low": {
        "value": 0.024,
        "irr": 1.9931066581048045,
        "delta_irr": -3.3672692701220495,
        "delta_pct": -62.81778209603856,
        "atcf": -395.539112745098,
        "delta_atcf": 0.0
      },
      "high": {
        "value": 0.055999999999999994,
        "irr": 8.183248307090249,
        "delta_irr": 2.822872378863395,
        "delta_pct": 52.66183597308196,
        "atcf": -395.539112745098,
        "delta_atcf": 0.0
      },
      "range_pct": 40,
      "impact": 6.190141648985445,
      "base_atcf": -395.539112745098,
      "impact_atcf": 0.0
    },
    {
      "parameter": "Interest Rate",
      "base_value": 0.013,
      "base_irr": 5.360375928226854,
      "low": {
        "value": 0.002999997,
        "irr": 6.809113468509162,
        "delta_irr": 1.4487375402823082,
        "delta_pct": 27.026789905788057,
        "atcf": -253.35157008884804,
        "delta_atcf": 142.18754265624997
      },
      "high": {
        "value": 0.023000002999999998,
        "irr": 3.979585037101056,
        "delta_irr": -1.3807908911257978,
        "delta_pct": -25.75921744321664,
        "atcf": -537.726655401348,
        "delta_atcf": -142.18754265625
      },
      "range_pct": 154,
      "impact": 2.829528431408106,
      "base_atcf": -395.539112745098,
      "impact_atcf": 284.3750853125
    },
    {
      "parameter": "Maintenance Reserve Rate",
      "base_value": 0.0025,
      "base_irr": 5.360375928226854,
      "low": {
        "value": 0.0,
        "irr": 6.008347603026776,
        "delta_irr": 0.6479716747999218,
        "delta_pct": 12.088175968924308,
        "atcf": -327.8307794117647,
        "delta_atcf": 67.70833333333331
      },
      "high": {
        "value": 0.005,
        "irr": 4.719304705504324,
        "delta_irr": -0.6410712227225304,
        "delta_pct": -11.959445220003232,
        "atcf": -463.2474460784313,
        "delta_atcf": -67.70833333333331
      },
      "range_pct": 100,
      "impact": 1.2890428975224522,
      "base_atcf": -395.539112745098,
      "impact_atcf": 135.41666666666663
    },
    {
      "parameter": "Loan-to-Value (LTV)",
      "base_value": 0.75,
      "base_irr": 5.360375928226854,
      "low": {
        "value": 0.675,
        "irr": 4.861164829228069,
        "delta_irr": -0.499211098998785,
        "delta_pct": -9.312986732330131,
        "atcf": -356.742237745098,
        "delta_atcf": 38.796875
      },
      "high": {
        "value": 0.8250000000000001,
        "irr": 6.037952158134428,
        "delta_irr": 0.677576229907574,
        "delta_pct": 12.64046102325715,
        "atcf": -434.335987745098,
        "delta_atcf": -38.796875
      },
      "range_pct": 20,
      "impact": 1.176787328906359,
      "base_atcf": -395.539112745098,
      "impact_atcf": 77.59375
    },
    {
      "parameter": "Average Daily Rate",
      "base_value": 200.0,
      "base_irr": 5.360375928226854,
      "low": {
        "value": 160.0,
        "irr": 4.906261144671585,
        "delta_irr": -0.45411478355526924,
        "delta_pct": -8.4716965682197,
        "atcf": -454.3013127450981,
        "delta_atcf": -58.762200000000064
      },
      "high": {
        "value": 240.0,
        "irr": 5.698081884998825,
        "delta_irr": 0.3377059567719707,
        "delta_pct": 6.300042409221095,
        "atcf": -352.3149127450981,
        "delta_atcf": 43.22419999999988
      },
      "range_pct": 40,
      "impact": 0.7918207403272399,
      "base_atcf": -395.539112745098,
      "impact_atcf": 101.98639999999995
    },
    {
      "parameter": "Amortization Rate",
      "base_value": 0.01,
      "base_irr": 5.360375928226854,
      "low": {
        "value": 0.0,
        "irr": 5.763502731453624,
        "delta_irr": 0.40312680322676986,
        "delta_pct": 7.520494991852544,
        "atcf": -192.41411274509804,
        "delta_atcf": 203.12499999999997
      },
      "high": {
        "value": 0.02,
        "irr": 5.020971445832398,
        "delta_irr": -0.339404482394456,
        "delta_pct": -6.331729097715106,
        "atcf": -598.664112745098,
        "delta_atcf": -203.125
      },
      "range_pct": 200,
      "impact": 0.7425312856212258,
      "base_atcf": -395.539112745098,
      "impact_atcf": 406.25
    },
    {
      "parameter": "Selling Costs Rate",
      "base_value": 0.078,
      "base_irr": 5.360375928226854,
      "low": {
        "value": 0.057999942000000006,
        "irr": 5.667939957696942,
        "delta_irr": 0.3075640294700879,
        "delta_pct": 5.737732457354465,
        "atcf": -395.539112745098,
        "delta_atcf": 0.0
      },
      "high": {
        "value": 0.09799998,
        "irr": 5.040937558282163,
        "delta_irr": -0.31943836994469077,
        "delta_pct": -5.959253123695692,
        "atcf": -395.539112745098,
        "delta_atcf": 0.0
      },
      "range_pct": 26,
      "impact": 0.6270023994147786,
      "base_atcf": -395.539112745098,
      "impact_atcf": 0.0
    },
    {
      "parameter": "Average Length of Stay",
      "base_value": 1.7,
      "base_irr": 5.360375928226854,
      "low": {
        "value": 1.19,
        "irr": 5.0675270003266615,
        "delta_irr": -0.29284892790019246,
        "delta_pct": -5.463216233736488,
        "atcf": -433.3491967787115,
        "delta_atcf": -37.810084033613464
      },
      "high": {
        "value": 2.21,
        "irr": 5.519049512688066,
        "delta_irr": 0.15867358446121216,
        "delta_pct": 2.9601204577026636,
        "atcf": -375.1798367269985,
        "delta_atcf": 20.359276018099536
      },
      "range_pct": 60,
      "impact": 0.4515225123614046,
      "base_atcf": -395.539112745098,
      "impact_atcf": 58.169360051713
    },
    {
      "parameter": "Cleaning Cost per Stay",
      "base_value": 100.0,
      "base_irr": 5.360375928226854,
      "low": {
        "value": 70.0,
        "irr": 5.566787183750418,
        "delta_irr": 0.2064112555235642,
        "delta_pct": 3.8506861885681682,
        "atcf": -369.07205392156857,
        "delta_atcf": 26.46705882352944
      },
      "high": {
        "value": 130.0,
        "irr": 5.155133495572952,
        "delta_irr": -0.20524243265390218,
        "delta_pct": -3.8288813210493213,
        "atcf": -422.00617156862745,
        "delta_atcf": -26.46705882352944
      },
      "range_pct": 60,
      "impact": 0.4116536881774664,
      "base_atcf": -395.539112745098,
      "impact_atcf": 52.93411764705888
    },
    {
      "parameter": "Occupancy Rate",
      "base_value": 0.37,
      "base_irr": 5.360375928226854,
      "low": {
        "value": 0.333,
        "irr": 5.194759454112497,
        "delta_irr": -0.16561647411435665,
        "delta_pct": -3.0896428969141447,
        "atcf": -416.8845024509804,
        "delta_atcf": -21.345389705882383
      },
      "high": {
        "value": 0.40700000000000003,
        "irr": 5.439720901194957,
        "delta_irr": 0.07934497296810328,
        "delta_pct": 1.480212843847122,
        "atcf": -385.347262254902,
        "delta_atcf": 10.191850490196032
      },
      "range_pct": 20,
      "impact": 0.24496144708245993,
      "base_atcf": -395.539112745098,
      "impact_atcf": 31.537240196078415
    },
    {
      "parameter": "Winter Season Occupancy",
      "base_value": 0.432,
      "base_irr": 5.360375928226854,
      "low": {
        "value": 0.36719999999999997,
        "irr": 5.261068421881642,
        "delta_irr": -0.09930750634521157,
        "delta_pct": -1.852622048805843,
        "atcf": -408.32663039215686,
        "delta_atcf": -12.787517647058849
      },
      "high": {
        "value": 0.49679999999999996,
        "irr": 5.459956466685976,
        "delta_irr": 0.09958053845912218,
        "delta_pct": 1.8577155742892493,
        "atcf": -382.75159509803916,