{
  "base_irr": 7.921145147178321,
  "sensitivities": [
    {
      "parameter": "Property Appreciation Rate",
      "base_value": 0.04,
      "base_irr": 7.921145147178321,
      "low": {
        "value": 0.024,
        "irr": 4.84197281906381,
        "delta_irr": -3.0791723281145114,
        "delta_pct": -38.8728178931474,
        "atcf": -4.727230392156798,
        "delta_atcf": 0.0
      },
      "high": {
        "value": 0.055999999999999994,
        "irr": 10.530238493811334,
        "delta_irr": 2.6090933466330126,
        "delta_pct": 32.938335280504575,
        "atcf": -4.727230392156798,
        "delta_atcf": 0.0
      },
      "range_pct": 40,
      "impact": 5.688265674747524,
      "base_atcf": -4.727230392156798,
      "impact_atcf": 0.0
    },
    {
      "parameter": "Interest Rate",
      "base_value": 0.013,
      "base_irr": 7.921145147178321,
      "low": {
        "value": 0.002999997,
        "irr": 9.608491280581802,
        "delta_irr": 1.687346133403481,
        "delta_pct": 21.301795410282935,
        "atcf": 137.46031226409323,
        "delta_atcf": 142.18754265625003
      },
      "high": {
        "value": 0.023000002999999998,
        "irr": 6.313563760835672,
        "delta_irr": -1.6075813863426491,
        "delta_pct": -20.294810364828418,
        "atcf": -146.9147730484067,
        "delta_atcf": -142.1875426562499
      },
      "range_pct": 154,
      "impact": 3.29492751974613,
      "base_atcf": -4.727230392156798,
      "impact_atcf": 284.3750853124999
    },
    {
      "parameter": "Loan-to-Value (LTV)",
      "base_value": 0.75,
      "base_irr": 7.921145147178321,
      "low": {
        "value": 0.675,
        "irr": 6.9960371847264415,
        "delta_irr": -0.9251079624518797,
        "delta_pct": -11.678967437952108,
        "atcf": 22.78401960784322,
        "delta_atcf": 27.511250000000018
      },
      "high": {
        "value": 0.8250000000000001,
        "irr": 9.257025834638622,
        "delta_irr": 1.3358806874603006,
        "delta_pct": 16.864741936160197,
        "atcf": -32.23848039215674,
        "delta_atcf": -27.51124999999994
      },
      "range_pct": 20,
      "impact": 2.2609886499121803,
      "base_atcf": -4.727230392156798,
      "impact_atcf": 55.02249999999996
    },
    {
      "parameter": "Average Daily Rate",
      "base_value": 200.0,
      "base_irr": 7.921145147178321,
      "low": {
        "value": 160.0,
        "irr": 6.396779245231299,
        "delta_irr": -1.5243659019470224,
        "delta_pct": -19.24426170236299,
        "atcf": -183.4397303921569,
        "delta_atcf": -178.7125000000001
      },
      "high": {
        "value": 240.0,
        "irr": 8.600843255873766,
        "delta_irr": 0.6796981086954448,
        "delta_pct": 8.580806134294454,
        "atcf": 72.7502696078431,
        "delta_atcf": 77.47749999999989
      },
      "range_pct": 40,
      "impact": 2.204064010642467,
      "base_atcf": -4.727230392156798,
      "impact_atcf": 256.19
    },
    {
      "parameter": "Maintenance Reserve Rate",
      "base_value": 0.0025,
      "base_irr": 7.921145147178321,
      "low": {
        "value": 0.0,
        "irr": 8.63594219880178,
        "delta_irr": 0.7147970516234592,
        "delta_pct": 9.023910537456633,
        "atcf": 62.98110294117654,
        "delta_atcf": 67.70833333333334
      },
      "high": {
        "value": 0.005,
        "irr": 7.213870283681895,
        "delta_irr": -0.7072748634964263,
        "delta_pct": -8.928947145330023,
        "atcf": -72.43556372549013,
        "delta_atcf": -67.70833333333333
      },
      "range_pct": 100,
      "impact": 1.4220719151198855,
      "base_atcf": -4.727230392156798,
      "impact_atcf": 135.41666666666666
    },
    {
      "parameter": "Average Length of Stay",
      "base_value": 1.7,
      "base_irr": 7.921145147178321,
      "low": {
        "value": 1.19,
        "irr": 7.103589340578761,
        "delta_irr": -0.8175558065995601,
        "delta_pct": -10.321181993373656,
        "atcf": -99.70622198879558,
        "delta_atcf": -94.97899159663878
      },
      "high": {
        "value": 2.21,
        "irr": 8.368502641562367,
        "delta_irr": 0.44735749438404593,
        "delta_pct": 5.6476366241490235,
        "atcf": 46.41530354449477,
        "delta_atcf": 51.14253393665157
      },
      "range_pct": 60,
      "impact": 1.264913300983606,
      "base_atcf": -4.727230392156798,
      "impact_atcf": 146.12152553329034
    },
    {
      "parameter": "Cleaning Cost per Stay",
      "base_value": 100.0,
      "base_irr": 7.921145147178321,
      "low": {
        "value": 70.0,
        "irr": 8.50369955459609,
        "delta_irr": 0.582554407417768,
        "delta_pct": 7.354421571548732,
        "atcf": 61.758063725490196,
        "delta_atcf": 66.48529411764699
      },
      "high": {
        "value": 130.0,
        "irr": 7.347069051582364,
        "delta_irr": -0.5740760955959576,
        "delta_pct": -7.247387655817109,
        "atcf": -71.21252450980387,
        "delta_atcf": -66.48529411764707
      },
      "range_pct": 60,
      "impact": 1.1566305030137256,
      "base_atcf": -4.727230392156798,
      "impact_atcf": 132.97058823529406
    },
    {
      "parameter": "Occupancy Rate",
      "base_value": 0.65,
      "base_irr": 7.921145147178321,
      "low": {
        "value": 0.5850000000000001,
        "irr": 7.355151108931748,
        "delta_irr": -0.5659940382465729,
        "delta_pct": -7.145356229814724,
        "atcf": -70.26973039215689,
        "delta_atcf": -65.54250000000009
      },
      "high": {
        "value": 0.7150000000000001,
        "irr": 8.077505628112702,
        "delta_irr": 0.1563604809343806,
        "delta_pct": 1.973963082725223,
        "atcf": 13.213848039215767,
        "delta_atcf": 17.941078431372567
      },
      "range_pct": 20,
      "impact": 0.7223545191809535,
      "base_atcf": -4.727230392156798,
      "impact_atcf": 83.48357843137265
    },
    {
      "parameter": "Purchase Price",
      "base_value": 1300000.0,
      "base_irr": 7.921145147178321,
      "low": {
        "value": 1170000.0,
        "irr": 8.249251519795505,
        "delta_irr": 0.3281063726171842,
        "delta_pct": 4.142158318283848,
        "atcf": 29.554852941176552,
        "delta_atcf": 34.28208333333335
      },
      "high": {
        "value": 1430000.0,
        "irr": 7.65470977546647,
        "delta_irr": -0.26643537171185105,
        "delta_pct": -3.3635966361096283,
        "atcf": -39.009313725490074,
        "delta_atcf": -34.282083333333276
      },
      "range_pct": 20,
      "impact": 0.5945417443290353,
      "base_atcf": -4.727230392156798,
      "impact_atcf": 68.56416666666662
    },
    {
      "parameter": "Selling Costs Rate",
      "base_value": 0.078,
      "base_irr": 7.921145147178321,
      "low": {
        "value": 0.057999942000000006,
        "irr": 8.20490680960938,
        "delta_irr": 0.2837616624310586,
        "delta_pct": 3.5823313063786046,
        "atcf": -4.727230392156798,
        "delta_atcf": 0.0
      },
      "high": {
        "value": 0.09799998,
        "irr": 7.6267244950868145,
        "delta_irr": -0.2944206520915067,
        "delta_pct": -3.716895052685476,
        "atcf": -4.727230392156798,
        "delta_atcf": 0.0
      },
      "range_pct": 26,
      "impact": 0.5781823145225653,
      "base_atcf": -4.727230392156798,
      "impact_atcf": 0.0
    },
    {
      "parameter": "Winter Season Occupancy",
      "base_value": 0.75,
      "base_irr": 7.921145147178321,
      "low": {
        "value": 0.6375,
        "irr": 7.637121189851309,
        "delta_irr": -0.2840239573270118,
        "delta_pct": -3.58564263183824,
        "atcf": -37.499307598039195,
        "delta_atcf": -32.7720772058824
      },
      "high": {
        "value": 0.8624999999999999,
        "irr": 8.207229116465891,
        "delta_irr": 0.28608396928756985,
        "delta_pct": 3.611649123605303,