{
  "base_irr": 7.0946687576360965,
  "sensitivities": [
    {
      "parameter": "Property Appreciation Rate",
      "base_value": 0.04,
      "base_irr": 7.0946687576360965,
      "low": {
        "value": 0.024,
        "irr": 4.037097155582156,
        "delta_irr": -3.0575716020539403,
        "delta_pct": -43.09674921416213,
        "atcf": -177.75502450980397,
        "delta_atcf": 0.0
      },
      "high": {
        "value": 0.055999999999999994,
        "irr": 9.711716848891225,
        "delta_irr": 2.6170480912551284,
        "delta_pct": 36.887530350706804,
        "atcf": -177.75502450980397,
        "delta_atcf": 0.0
      },
      "range_pct": 40,
      "impact": 5.674619693309069,
      "base_atcf": -177.75502450980397,
      "impact_atcf": 0.0
    },
    {
      "parameter": "Interest Rate",
      "base_value": 0.013,
      "base_irr": 7.0946687576360965,
      "low": {
        "value": 0.002999997,
        "irr": 8.623414421919728,
        "delta_irr": 1.5287456642836315,
        "delta_pct": 21.547808876041184,
        "atcf": -35.56748185355395,
        "delta_atcf": 142.18754265625003
      },
      "high": {
        "value": 0.023000002999999998,
        "irr": 5.640023190993812,
        "delta_irr": -1.4546455666422844,
        "delta_pct": -20.50336127499438,
        "atcf": -319.94256716605395,
        "delta_atcf": -142.18754265624997
      },
      "range_pct": 154,
      "impact": 2.983391230925916,
      "base_atcf": -177.75502450980397,
      "impact_atcf": 284.3750853125
    },
    {
      "parameter": "Average Daily Rate",
      "base_value": 200.0,
      "base_irr": 7.0946687576360965,
      "low": {
        "value": 160.0,
        "irr": 6.174858334008601,
        "delta_irr": -0.9198104236274958,
        "delta_pct": -12.964811396409315,
        "atcf": -291.97023284313735,
        "delta_atcf": -114.21520833333338
      },
      "high": {
        "value": 240.0,
        "irr": 8.306570879649367,
        "delta_irr": 1.2119021220132709,
        "delta_pct": 17.08187039329895,
        "atcf": -31.558566176470624,
        "delta_atcf": 146.19645833333334
      },
      "range_pct": 40,
      "impact": 2.1317125456407666,
      "base_atcf": -177.75502450980397,
      "impact_atcf": 260.41166666666675
    },
    {
      "parameter": "Loan-to-Value (LTV)",
      "base_value": 0.75,
      "base_irr": 7.0946687576360965,
      "low": {
        "value": 0.675,
        "irr": 6.351031027268617,
        "delta_irr": -0.7436377303674799,
        "delta_pct": -10.481641296742596,
        "atcf": -138.95814950980397,
        "delta_atcf": 38.796875
      },
      "high": {
        "value": 0.8250000000000001,
        "irr": 8.130499423015861,
        "delta_irr": 1.0358306653797644,
        "delta_pct": 14.60012723307039,
        "atcf": -216.55189950980397,
        "delta_atcf": -38.796875
      },
      "range_pct": 20,
      "impact": 1.7794683957472444,
      "base_atcf": -177.75502450980397,
      "impact_atcf": 77.59375
    },
    {
      "parameter": "Maintenance Reserve Rate",
      "base_value": 0.0025,
      "base_irr": 7.0946687576360965,
      "low": {
        "value": 0.0,
        "irr": 7.767961860168721,
        "delta_irr": 0.6732931025326243,
        "delta_pct": 9.490127383437725,
        "atcf": -110.04669117647063,
        "delta_atcf": 67.70833333333334
      },
      "high": {
        "value": 0.005,
        "irr": 6.42879098234698,
        "delta_irr": -0.6658777752891165,
        "delta_pct": -9.385607672978706,
        "atcf": -245.4633578431373,
        "delta_atcf": -67.70833333333331
      },
      "range_pct": 100,
      "impact": 1.3391708778217408,
      "base_atcf": -177.75502450980397,
      "impact_atcf": 135.41666666666666
    },
    {
      "parameter": "Average Length of Stay",
      "base_value": 1.7,
      "base_irr": 7.0946687576360965,
      "low": {
        "value": 1.19,
        "irr": 6.315665187779812,
        "delta_irr": -0.7790035698562843,
        "delta_pct": -10.980126013886572,
        "atcf": -274.29914215686273,
        "delta_atcf": -96.54411764705875
      },
      "high": {
        "value": 2.21,
        "irr": 7.52107538329437,
        "delta_irr": 0.4264066256582737,
        "delta_pct": 6.010240086252455,
        "atcf": -125.76973039215689,
        "delta_atcf": 51.985294117647086
      },
      "range_pct": 60,
      "impact": 1.205410195514558,
      "base_atcf": -177.75502450980397,
      "impact_atcf": 148.52941176470586
    },
    {
      "parameter": "Cleaning Cost per Stay",
      "base_value": 100.0,
      "base_irr": 7.0946687576360965,
      "low": {
        "value": 70.0,
        "irr": 7.649963413830843,
        "delta_irr": 0.5552946561947465,
        "delta_pct": 7.826928573614866,
        "atcf": -110.17414215686274,
        "delta_atcf": 67.58088235294123
      },
      "high": {
        "value": 130.0,
        "irr": 6.547631022054698,
        "delta_irr": -0.5470377355813989,
        "delta_pct": -7.710546528230992,
        "atcf": -245.3359068627451,
        "delta_atcf": -67.58088235294113
      },
      "range_pct": 60,
      "impact": 1.1023323917761454,
      "base_atcf": -177.75502450980397,
      "impact_atcf": 135.16176470588238
    },
    {
      "parameter": "Amortization Rate",
      "base_value": 0.01,
      "base_irr": 7.0946687576360965,
      "low": {
        "value": 0.0,
        "irr": 7.668436030391601,
        "delta_irr": 0.5737672727555045,
        "delta_pct": 8.087301780480596,
        "atcf": 25.369975490196037,
        "delta_atcf": 203.125
      },
      "high": {
        "value": 0.02,
        "irr": 6.609235043171791,
        "delta_irr": -0.48543371446430594,
        "delta_pct": -6.8422322598475995,
        "atcf": -380.88002450980395,
        "delta_atcf": -203.12499999999997
      },
      "range_pct": 200,
      "impact": 1.0592009872198105,
      "base_atcf": -177.75502450980397,
      "impact_atcf": 406.25
    },
    {
      "parameter": "Occupancy Rate",
      "base_value": 0.63,
      "base_irr": 7.0946687576360965,
      "low": {
        "value": 0.5670000000000001,
        "irr": 6.732395023573187,
        "delta_irr": -0.3622737340629092,
        "delta_pct": -5.106281158975726,
        "atcf": -222.3973700980392,
        "delta_atcf": -44.64234558823523
      },
      "high": {
        "value": 0.6930000000000001,
        "irr": 7.341078195255246,
        "delta_irr": 0.24640943761914968,
        "delta_pct": 3.4731633855905617,
        "atcf": -147.6407671568627,
        "delta_atcf": 30.11425735294128
      },
      "range_pct": 20,
      "impact": 0.6086831716820589,
      "base_atcf": -177.75502450980397,
      "impact_atcf": 74.75660294117651
    },
    {
      "parameter": "Selling Costs Rate",
      "base_value": 0.078,
      "base_irr": 7.0946687576360965,
      "low": {
        "value": 0.057999942000000006,
        "irr": 7.378132845740762,
        "delta_irr": 0.2834640881046653,
        "delta_pct": 3.9954520469975248,
        "atcf": -177.75502450980397,
        "delta_atcf": 0.0
      },
      "high": {
        "value": 0.09799998,
        "irr": 6.800845810677853,
        "delta_irr": -0.29382294695824385,
        "delta_pct": -4.1414611026342545,
        "atcf": -177.75502450980397,
        "delta_atcf": 0.0
      },
      "range_pct": 26,
      "impact": 0.5772870350629091,
      "base_atcf": -177.75502450980397,
      "impact_atcf": 0.0
    },
    {
      "parameter": "Purchase Price",
      "base_value": 1300000.0,
      "base_irr": 7.0946687576360965,
      "low": {
        "value": 1170000.0,
        "irr": 7.3473676485009465,
        "delta_irr": 0.25269889086485,
        "delta_pct": 3.561813799874257,
        "atcf": -132.18731617647063,
        "delta_atcf": 45.56770833333334
      },
      "high": {
        "value": 1430000.0,
        "irr": 6.889198798220603,
        "delta_irr": -0.20546995941549362,
        "delta_pct": -2.8961177249373806,
        "atcf": -223.3227328431373,