{
  "base_irr": 5.940928100142625,
  "sensitivities": [
    {
      "parameter": "Property Appreciation Rate",
      "base_value": 0.04,
      "base_irr": 5.940928100142625,
      "low": {
        "value": 0.024,
        "irr": 2.6793202129192615,
        "delta_irr": -3.261607887223364,
        "delta_pct": -54.90064569448436,
        "atcf": -321.4795343137255,
        "delta_atcf": 0.0
      },
      "high": {
        "value": 0.055999999999999994,
        "irr": 8.694166552741075,
        "delta_irr": 2.75323845259845,
        "delta_pct": 46.343574710698014,
        "atcf": -321.4795343137255,
        "delta_atcf": 0.0
      },
      "range_pct": 40,
      "impact": 6.014846339821814,
      "base_atcf": -321.4795343137255,
      "impact_atcf": 0.0
    },
    {
      "parameter": "Interest Rate",
      "base_value": 0.013,
      "base_irr": 5.940928100142625,
      "low": {
        "value": 0.002999997,
        "irr": 7.416154868435113,
        "delta_irr": 1.4752267682924876,
        "delta_pct": 24.831587648015326,
        "atcf": -179.29199165747548,
        "delta_atcf": 142.18754265625
      },
      "high": {
        "value": 0.023000002999999998,
        "irr": 4.535740204621103,
        "delta_irr": -1.4051878955215225,
        "delta_pct": -23.652666247345895,
        "atcf": -463.6670769699754,
        "delta_atcf": -142.18754265624995
      },
      "range_pct": 154,
      "impact": 2.88041466381401,
      "base_atcf": -321.4795343137255,
      "impact_atcf": 284.37508531249995
    },
    {
      "parameter": "Loan-to-Value (LTV)",
      "base_value": 0.75,
      "base_irr": 5.940928100142625,
      "low": {
        "value": 0.675,
        "irr": 5.362022301647808,
        "delta_irr": -0.5789057984948176,
        "delta_pct": -9.744366347085057,
        "atcf": -282.6826593137255,
        "delta_atcf": 38.796875
      },
      "high": {
        "value": 0.8250000000000001,
        "irr": 6.733414547983554,
        "delta_irr": 0.792486447840929,
        "delta_pct": 13.33943845948756,
        "atcf": -360.2764093137255,
        "delta_atcf": -38.796875
      },
      "range_pct": 20,
      "impact": 1.3713922463357466,
      "base_atcf": -321.4795343137255,
      "impact_atcf": 77.59375
    },
    {
      "parameter": "Maintenance Reserve Rate",
      "base_value": 0.0025,
      "base_irr": 5.940928100142625,
      "low": {
        "value": 0.0,
        "irr": 6.597301903646438,
        "delta_irr": 0.6563738035038131,
        "delta_pct": 11.04833777550776,
        "atcf": -253.77120098039214,
        "delta_atcf": 67.70833333333334
      },
      "high": {
        "value": 0.005,
        "irr": 5.291635747533287,
        "delta_irr": -0.6492923526093382,
        "delta_pct": -10.929140054628004,
        "atcf": -389.1878676470588,
        "delta_atcf": -67.70833333333331
      },
      "range_pct": 100,
      "impact": 1.3056661561131513,
      "base_atcf": -321.4795343137255,
      "impact_atcf": 135.41666666666666
    },
    {
      "parameter": "Average Daily Rate",
      "base_value": 200.0,
      "base_irr": 5.940928100142625,
      "low": {
        "value": 160.0,
        "irr": 5.336998448241498,
        "delta_irr": -0.6039296519011277,
        "delta_pct": -10.165577527972927,
        "atcf": -398.54620098039214,
        "delta_atcf": -77.06666666666666
      },
      "high": {
        "value": 240.0,
        "irr": 6.573267408180977,
        "delta_irr": 0.6323393080383521,
        "delta_pct": 10.643779850208446,
        "atcf": -242.14620098039214,
        "delta_atcf": 79.33333333333334
      },
      "range_pct": 40,
      "impact": 1.2362689599394798,
      "base_atcf": -321.4795343137255,
      "impact_atcf": 156.4
    },
    {
      "parameter": "Amortization Rate",
      "base_value": 0.01,
      "base_irr": 5.940928100142625,
      "low": {
        "value": 0.0,
        "irr": 6.401365059893574,
        "delta_irr": 0.46043695975094856,
        "delta_pct": 7.7502530242689645,
        "atcf": -118.35453431372548,
        "delta_atcf": 203.125
      },
      "high": {
        "value": 0.02,
        "irr": 5.552665696945038,
        "delta_irr": -0.3882624031975874,
        "delta_pct": -6.535382967995629,
        "atcf": -524.6045343137255,
        "delta_atcf": -203.125
      },
      "range_pct": 200,
      "impact": 0.848699362948536,
      "base_atcf": -321.4795343137255,
      "impact_atcf": 406.25
    },
    {
      "parameter": "Average Length of Stay",
      "base_value": 1.7,
      "base_irr": 5.940928100142625,
      "low": {
        "value": 1.19,
        "irr": 5.485612282063808,
        "delta_irr": -0.4553158180788177,
        "delta_pct": -7.664051986555549,
        "atcf": -379.4627275910364,
        "delta_atcf": -57.98319327731093
      },
      "high": {
        "value": 2.21,
        "irr": 6.1884797732345715,
        "delta_irr": 0.24755167309194626,
        "delta_pct": 4.166885525613468,
        "atcf": -290.25781485671195,
        "delta_atcf": 31.221719457013535
      },
      "range_pct": 60,
      "impact": 0.702867491170764,
      "base_atcf": -321.4795343137255,
      "impact_atcf": 89.20491273432447
    },
    {
      "parameter": "Cleaning Cost per Stay",
      "base_value": 100.0,
      "base_irr": 5.940928100142625,
      "low": {
        "value": 70.0,
        "irr": 6.263074294198301,
        "delta_irr": 0.32214619405567557,
        "delta_pct": 5.422489358993281,
        "atcf": -280.89129901960786,
        "delta_atcf": 40.588235294117624
      },
      "high": {
        "value": 130.0,
        "irr": 5.621608862187709,
        "delta_irr": -0.31931923795491635,
        "delta_pct": -5.374904940311437,
        "atcf": -362.0677696078431,
        "delta_atcf": -40.588235294117624
      },
      "range_pct": 60,
      "impact": 0.6414654320105919,
      "base_atcf": -321.4795343137255,
      "impact_atcf": 81.17647058823525
    },
    {
      "parameter": "Selling Costs Rate",
      "base_value": 0.078,
      "base_irr": 5.940928100142625,
      "low": {
        "value": 0.057999942000000006,
        "irr": 6.240315993782129,
        "delta_irr": 0.299387893639504,
        "delta_pct": 5.039412842453295,
        "atcf": -321.4795343137255,
        "delta_atcf": 0.0
      },
      "high": {
        "value": 0.09799998,
        "irr": 5.63018636545166,
        "delta_irr": -0.3107417346909651,
        "delta_pct": -5.23052508720826,
        "atcf": -321.4795343137255,
        "delta_atcf": 0.0
      },
      "range_pct": 26,
      "impact": 0.6101296283304691,
      "base_atcf": -321.4795343137255,
      "impact_atcf": 0.0
    },
    {
      "parameter": "Occupancy Rate",
      "base_value": 0.63,
      "base_irr": 5.940928100142625,
      "low": {
        "value": 0.5670000000000001,
        "irr": 6.732395023573187,
        "delta_irr": 0.791466923430562,
        "delta_pct": 13.32227743021433,
        "atcf": -222.3973700980392,
        "delta_atcf": 99.08216421568628
      },
      "high": {
        "value": 0.6930000000000001,
        "irr": 7.341078195255246,
        "delta_irr": 1.400150095112621,
        "delta_pct": 23.567868042015306,
        "atcf": -147.6407671568627,
        "delta_atcf": 173.8387671568628
      },
      "range_pct": 20,
      "impact": 0.6086831716820589,
      "base_atcf": -321.4795343137255,
      "impact_atcf": 74.75660294117651
    },
    {
      "parameter": "Winter Season Occupancy",
      "base_value": 0.4,
      "base_irr": 5.940928100142625,
      "low": {
        "value": 0.34,
        "irr": 5.8106380957178745,
        "delta_irr": -0.1302900044247508,
        "delta_pct": -2.193091756515668,
        "atcf": -337.9974754901961,
        "delta_atcf": -16.51794117647063
      },
      "high": {
        "value": 0.45999999999999996,
        "irr": 6.071686451788988,
        "delta_irr": 0.13075835164636285,
        "delta_pct": 2.200975158127628,
        "atcf": -304.96159313725497,
        "delta_atcf": 16.517941176470515
      },