{
  "base_irr": 7.849611244630067,
  "sensitivities": [
    {
      "parameter": "Property Appreciation Rate",
      "base_value": 0.04,
      "base_irr": 7.849611244630067,
      "low": {
        "value": 0.024,
        "irr": 5.020073609892275,
        "delta_irr": -2.8295376347377914,
        "delta_pct": -36.04685055802583,
        "atcf": -80.46160539215674,
        "delta_atcf": 0.0
      },
      "high": {
        "value": 0.055999999999999994,
        "irr": 10.323244872037316,
        "delta_irr": 2.4736336274072492,
        "delta_pct": 31.51281700860621,
        "atcf": -80.46160539215674,
        "delta_atcf": 0.0
      },
      "range_pct": 40,
      "impact": 5.303171262145041,
      "base_atcf": -80.46160539215674,
      "impact_atcf": 0.0
    },
    {
      "parameter": "Interest Rate",
      "base_value": 0.018,
      "base_irr": 7.849611244630067,
      "low": {
        "value": 0.004153842,
        "irr": 9.937632516492153,
        "delta_irr": 2.088021271862086,
        "delta_pct": 26.600314420545413,
        "atcf": 61.894206545343245,
        "delta_atcf": 142.3558119375
      },
      "high": {
        "value": 0.031846158,
        "irr": 5.903827944304791,
        "delta_irr": -1.9457833003252754,
        "delta_pct": -24.78827600101074,
        "atcf": -222.8174173296568,
        "delta_atcf": -142.35581193750005
      },
      "range_pct": 154,
      "impact": 4.033804572187361,
      "base_atcf": -80.46160539215674,
      "impact_atcf": 284.71162387500004
    },
    {
      "parameter": "Average Daily Rate",
      "base_value": 200.0,
      "base_irr": 7.849611244630067,
      "low": {
        "value": 160.0,
        "irr": 5.901515863370147,
        "delta_irr": -1.94809538125992,
        "delta_pct": -24.817730720010058,
        "atcf": -259.17410539215683,
        "delta_atcf": -178.7125000000001
      },
      "high": {
        "value": 240.0,
        "irr": 8.728194330353286,
        "delta_irr": 0.8785830857232195,
        "delta_pct": 11.192695515007317,
        "atcf": -2.9841053921568537,
        "delta_atcf": 77.47749999999989
      },
      "range_pct": 40,
      "impact": 2.8266784669831395,
      "base_atcf": -80.46160539215674,
      "impact_atcf": 256.19
    },
    {
      "parameter": "Loan-to-Value (LTV)",
      "base_value": 0.75,
      "base_irr": 7.849611244630067,
      "low": {
        "value": 0.675,
        "irr": 7.0902414447627935,
        "delta_irr": -0.7593697998672733,
        "delta_pct": -9.673979719527633,
        "atcf": -42.37691789215682,
        "delta_atcf": 38.08468749999992
      },
      "high": {
        "value": 0.8250000000000001,
        "irr": 8.901819746475661,
        "delta_irr": 1.0522085018455947,
        "delta_pct": 13.404593795207532,
        "atcf": -118.54629289215677,
        "delta_atcf": -38.08468750000003
      },
      "range_pct": 20,
      "impact": 1.811578301712868,
      "base_atcf": -80.46160539215674,
      "impact_atcf": 76.16937499999995
    },
    {
      "parameter": "Average Length of Stay",
      "base_value": 1.7,
      "base_irr": 7.849611244630067,
      "low": {
        "value": 1.19,
        "irr": 6.801023230422285,
        "delta_irr": -1.0485880142077821,
        "delta_pct": -13.358470649423856,
        "atcf": -175.44059698879542,
        "delta_atcf": -94.97899159663868
      },
      "high": {
        "value": 2.21,
        "irr": 8.427165687549856,
        "delta_irr": 0.577554442919789,
        "delta_pct": 7.357745815945917,
        "atcf": -29.319071455505178,
        "delta_atcf": 51.14253393665156
      },
      "range_pct": 60,
      "impact": 1.626142457127571,
      "base_atcf": -80.46160539215674,
      "impact_atcf": 146.12152553329025
    },
    {
      "parameter": "Cleaning Cost per Stay",
      "base_value": 100.0,
      "base_irr": 7.849611244630067,
      "low": {
        "value": 70.0,
        "irr": 8.602242161985485,
        "delta_irr": 0.7526309173554182,
        "delta_pct": 9.588129830891873,
        "atcf": -13.976311274509746,
        "delta_atcf": 66.485294117647
      },
      "high": {
        "value": 130.0,
        "irr": 7.112384144682432,
        "delta_irr": -0.7372270999476349,
        "delta_pct": -9.391893139319139,
        "atcf": -146.9468995098038,
        "delta_atcf": -66.48529411764707
      },
      "range_pct": 60,
      "impact": 1.4898580173030531,
      "base_atcf": -80.46160539215674,
      "impact_atcf": 132.97058823529406
    },
    {
      "parameter": "Amortization Rate",
      "base_value": 0.01333,
      "base_irr": 7.849611244630067,
      "low": {
        "value": 0.0,
        "irr": 8.647226503584529,
        "delta_irr": 0.7976152589544618,
        "delta_pct": 10.161207148954183,
        "atcf": 115.32276960784326,
        "delta_atcf": 195.784375
      },
      "high": {
        "value": 0.02666,
        "irr": 7.207148785237219,
        "delta_irr": -0.6424624593928474,
        "delta_pct": -8.184640479263953,
        "atcf": -276.2459803921567,
        "delta_atcf": -195.78437499999995
      },
      "range_pct": 200,
      "impact": 1.4400777183473092,
      "base_atcf": -80.46160539215674,
      "impact_atcf": 391.56874999999997
    },
    {
      "parameter": "Maintenance Reserve Rate",
      "base_value": 0.0025,
      "base_irr": 7.849611244630067,
      "low": {
        "value": 0.0,
        "irr": 8.515874537173653,
        "delta_irr": 0.6662632925435865,
        "delta_pct": 8.487850821903804,
        "atcf": -31.50327205882341,
        "delta_atcf": 48.95833333333333
      },
      "high": {
        "value": 0.005,
        "irr": 7.190929961856451,
        "delta_irr": -0.6586812827736157,
        "delta_pct": -8.391259926715744,
        "atcf": -129.41993872549008,
        "delta_atcf": -48.95833333333334
      },
      "range_pct": 100,
      "impact": 1.3249445753172022,
      "base_atcf": -80.46160539215674,
      "impact_atcf": 97.91666666666667
    },
    {
      "parameter": "Occupancy Rate",
      "base_value": 0.65,
      "base_irr": 7.849611244630067,
      "low": {
        "value": 0.5850000000000001,
        "irr": 7.122732777614144,
        "delta_irr": -0.726878467015923,
        "delta_pct": -9.260056891520351,
        "atcf": -146.00410539215684,
        "delta_atcf": -65.5425000000001
      },
      "high": {
        "value": 0.7150000000000001,
        "irr": 8.051171322818842,
        "delta_irr": 0.2015600781887752,
        "delta_pct": 2.5677714718249622,
        "atcf": -62.520526960784174,
        "delta_atcf": 17.941078431372567
      },
      "range_pct": 20,
      "impact": 0.9284385452046982,
      "base_atcf": -80.46160539215674,
      "impact_atcf": 83.48357843137268
    },
    {
      "parameter": "Purchase Price",
      "base_value": 940000.0,
      "base_irr": 7.849611244630067,
      "low": {
        "value": 846000.0,
        "irr": 8.28711555199697,
        "delta_irr": 0.43750430736690404,
        "delta_pct": 5.573579298799052,
        "atcf": -37.48108455882348,
        "delta_atcf": 42.98052083333326
      },
      "high": {
        "value": 1034000.0000000001,
        "irr": 7.49556273082271,
        "delta_irr": -0.35404851380735636,
        "delta_pct": -4.51039551862599,
        "atcf": -123.4421262254901,
        "delta_atcf": -42.98052083333336
      },
      "range_pct": 20,
      "impact": 0.7915528211742604,
      "base_atcf": -80.46160539215674,
      "impact_atcf": 85.96104166666662
    },
    {
      "parameter": "Winter Season Occupancy",
      "base_value": 0.75,
      "base_irr": 7.849611244630067,
      "low": {
        "value": 0.6375,
        "irr": 7.484320863615718,
        "delta_irr": -0.36529038101434885,
        "delta_pct": -4.653611110540598,
        "atcf": -113.23368259803914,
        "delta_atcf": -32.7720772058824
      },
      "high": {
        "value": 0.8624999999999999,
        "irr": 8.21864482434466,
        "delta_irr": 0.3690335797145927,
        "delta_pct": 4.701297531989871,