{
  "base_irr": 8.363364627119152,
  "sensitivities": [
    {
      "parameter": "Property Appreciation Rate",
      "base_value": 0.04,
      "base_irr": 8.363364627119152,
      "low": {
        "value": 0.024,
        "irr": 5.608966043684628,
        "delta_irr": -2.754398583434524,
        "delta_pct": -32.934096577627095,
        "atcf": -44.4772303921568,
        "delta_atcf": 0.0
      },
      "high": {
        "value": 0.055999999999999994,
        "irr": 10.784115410875525,
        "delta_irr": 2.4207507837563735,
        "delta_pct": 28.944699791120147,
        "atcf": -44.4772303921568,
        "delta_atcf": 0.0
      },
      "range_pct": 40,
      "impact": 5.1751493671908975,
      "base_atcf": -44.4772303921568,
      "impact_atcf": 0.0
    },
    {
      "parameter": "Interest Rate",
      "base_value": 0.0145,
      "base_irr": 8.363364627119152,
      "low": {
        "value": 0.0033461505,
        "irr": 10.064155802596355,
        "delta_irr": 1.7007911754772032,
        "delta_pct": 20.33620739148687,
        "atcf": 70.19828477971824,
        "delta_atcf": 114.67551517187503
      },
      "high": {
        "value": 0.025653849500000003,
        "irr": 6.757444953080263,
        "delta_irr": -1.6059196740388888,
        "delta_pct": -19.201837366166163,
        "atcf": -159.15274556403173,
        "delta_atcf": -114.67551517187493
      },
      "range_pct": 154,
      "impact": 3.306710849516092,
      "base_atcf": -44.4772303921568,
      "impact_atcf": 229.35103034374998
    },
    {
      "parameter": "Average Daily Rate",
      "base_value": 200.0,
      "base_irr": 8.363364627119152,
      "low": {
        "value": 160.0,
        "irr": 6.38426118297502,
        "delta_irr": -1.9791034441441315,
        "delta_pct": -23.66396220160802,
        "atcf": -223.1897303921569,
        "delta_atcf": -178.7125000000001
      },
      "high": {
        "value": 240.0,
        "irr": 9.256279342342163,
        "delta_irr": 0.8929147152230108,
        "delta_pct": 10.67650108579069,
        "atcf": 33.00026960784309,
        "delta_atcf": 77.47749999999988
      },
      "range_pct": 40,
      "impact": 2.8720181593671423,
      "base_atcf": -44.4772303921568,
      "impact_atcf": 256.19
    },
    {
      "parameter": "Loan-to-Value (LTV)",
      "base_value": 0.75,
      "base_irr": 8.363364627119152,
      "low": {
        "value": 0.675,
        "irr": 7.483423027675595,
        "delta_irr": -0.8799415994435567,
        "delta_pct": -10.521382705116633,
        "atcf": -9.990980392156814,
        "delta_atcf": 34.486249999999984
      },
      "high": {
        "value": 0.8250000000000001,
        "irr": 9.595641387160864,
        "delta_irr": 1.232276760041712,
        "delta_pct": 14.73422258842949,
        "atcf": -78.96348039215677,
        "delta_atcf": -34.48624999999997
      },
      "range_pct": 20,
      "impact": 2.1122183594852686,
      "base_atcf": -44.4772303921568,
      "impact_atcf": 68.97249999999995
    },
    {
      "parameter": "Average Length of Stay",
      "base_value": 1.7,
      "base_irr": 8.363364627119152,
      "low": {
        "value": 1.19,
        "irr": 7.297936564777044,
        "delta_irr": -1.0654280623421082,
        "delta_pct": -12.739227689383977,
        "atcf": -139.4562219887955,
        "delta_atcf": -94.9789915966387
      },
      "high": {
        "value": 2.21,
        "irr": 8.950320271309462,
        "delta_irr": 0.5869556441903097,
        "delta_pct": 7.018175941857657,
        "atcf": 6.665303544494766,
        "delta_atcf": 51.14253393665157
      },
      "range_pct": 60,
      "impact": 1.6523837065324178,
      "base_atcf": -44.4772303921568,
      "impact_atcf": 146.12152553329028
    },
    {
      "parameter": "Amortization Rate",
      "base_value": 0.01333,
      "base_irr": 8.363364627119152,
      "low": {
        "value": 0.0,
        "irr": 9.274984087329354,
        "delta_irr": 0.9116194602102023,
        "delta_pct": 10.900152042327242,
        "atcf": 151.30714460784324,
        "delta_atcf": 195.78437500000004
      },
      "high": {
        "value": 0.02666,
        "irr": 7.627027182374146,
        "delta_irr": -0.736337444745006,
        "delta_pct": -8.804320719885258,
        "atcf": -240.26160539215675,
        "delta_atcf": -195.78437499999995
      },
      "range_pct": 200,
      "impact": 1.6479569049552083,
      "base_atcf": -44.4772303921568,
      "impact_atcf": 391.56875
    },
    {
      "parameter": "Cleaning Cost per Stay",
      "base_value": 100.0,
      "base_irr": 8.363364627119152,
      "low": {
        "value": 70.0,
        "irr": 9.128262049052863,
        "delta_irr": 0.7648974219337106,
        "delta_pct": 9.145809803071895,
        "atcf": 22.0080637254902,
        "delta_atcf": 66.485294117647
      },
      "high": {
        "value": 130.0,
        "irr": 7.614263697993009,
        "delta_irr": -0.7491009291261426,
        "delta_pct": -8.956932556749928,
        "atcf": -110.96252450980387,
        "delta_atcf": -66.48529411764707
      },
      "range_pct": 60,
      "impact": 1.5139983510598531,
      "base_atcf": -44.4772303921568,
      "impact_atcf": 132.97058823529406
    },
    {
      "parameter": "Maintenance Reserve Rate",
      "base_value": 0.0025,
      "base_irr": 8.363364627119152,
      "low": {
        "value": 0.0,
        "irr": 9.038644626270978,
        "delta_irr": 0.6752799991518259,
        "delta_pct": 8.074262324545249,
        "atcf": 4.481102941176535,
        "delta_atcf": 48.958333333333336
      },
      "high": {
        "value": 0.005,
        "irr": 7.69583485415205,
        "delta_irr": -0.6675297729671019,
        "delta_pct": -7.981593565854602,
        "atcf": -93.43556372549013,
        "delta_atcf": -48.95833333333333
      },
      "range_pct": 100,
      "impact": 1.3428097721189278,
      "base_atcf": -44.4772303921568,
      "impact_atcf": 97.91666666666666
    },
    {
      "parameter": "Occupancy Rate",
      "base_value": 0.65,
      "base_irr": 8.363364627119152,
      "low": {
        "value": 0.5850000000000001,
        "irr": 7.624778502155091,
        "delta_irr": -0.7385861249640611,
        "delta_pct": -8.831207987382403,
        "atcf": -110.01973039215689,
        "delta_atcf": -65.54250000000009
      },
      "high": {
        "value": 0.7150000000000001,
        "irr": 8.568195977713907,
        "delta_irr": 0.20483135059475543,
        "delta_pct": 2.4491500697048014,
        "atcf": -26.536151960784235,
        "delta_atcf": 17.941078431372564
      },
      "range_pct": 20,
      "impact": 0.9434174755588165,
      "base_atcf": -44.4772303921568,
      "impact_atcf": 83.48357843137265
    },
    {
      "parameter": "Purchase Price",
      "base_value": 940000.0,
      "base_irr": 8.363364627119152,
      "low": {
        "value": 846000.0,
        "irr": 8.807983108330514,
        "delta_irr": 0.4446184812113625,
        "delta_pct": 5.316263262869551,
        "atcf": -5.095147058823481,
        "delta_atcf": 39.38208333333332
      },
      "high": {
        "value": 1034000.0000000001,
        "irr": 8.00359522132203,
        "delta_irr": -0.35976940579712213,
        "delta_pct": -4.30173048572496,
        "atcf": -83.85931372549011,
        "delta_atcf": -39.38208333333331
      },
      "range_pct": 20,
      "impact": 0.8043878870084846,
      "base_atcf": -44.4772303921568,
      "impact_atcf": 78.76416666666663
    },
    {
      "parameter": "Winter Season Occupancy",
      "base_value": 0.75,
      "base_irr": 8.363364627119152,
      "low": {
        "value": 0.6375,
        "irr": 7.992171844001858,
        "delta_irr": -0.3711927831172943,
        "delta_pct": -4.43831878277386,
        "atcf": -77.2493075980392,
        "delta_atcf": -32.7720772058824
      },
      "high": {
        "value": 0.8624999999999999,
        "irr": 8.738395710010078,
        "delta_irr": 0.375031082890926,
        "delta_pct": 4.484212988572153,