{
  "base_irr": 8.303645243402565,
  "sensitivities": [
    {
      "parameter": "Property Appreciation Rate",
      "base_value": 0.04,
      "base_irr": 8.303645243402565,
      "low": {
        "value": 0.024,
        "irr": 5.539854662027207,
        "delta_irr": -2.763790581375358,
        "delta_pct": -33.28406381006284,
        "atcf": -49.72708333333336,
        "delta_atcf": 0.0
      },
      "high": {
        "value": 0.055999999999999994,
        "irr": 10.730976407881823,
        "delta_irr": 2.4273311644792575,
        "delta_pct": 29.232115454448483,
        "atcf": -49.72708333333336,
        "delta_atcf": 0.0
      },
      "range_pct": 40,
      "impact": 5.191121745854615,
      "base_atcf": -49.72708333333336,
      "impact_atcf": 0.0
    },
    {
      "parameter": "Interest Rate",
      "base_value": 0.0145,
      "base_irr": 8.303645243402565,
      "low": {
        "value": 0.0033461505,
        "irr": 10.001237239222968,
        "delta_irr": 1.697591995820403,
        "delta_pct": 20.44393692239175,
        "atcf": 64.94843183854168,
        "delta_atcf": 114.67551517187505
      },
      "high": {
        "value": 0.025653849500000003,
        "irr": 6.700671657454215,
        "delta_irr": -1.6029735859483498,
        "delta_pct": -19.304456524343312,
        "atcf": -164.40259850520832,
        "delta_atcf": -114.67551517187496
      },
      "range_pct": 154,
      "impact": 3.300565581768753,
      "base_atcf": -49.72708333333336,
      "impact_atcf": 229.35103034374998
    },
    {
      "parameter": "Loan-to-Value (LTV)",
      "base_value": 0.75,
      "base_irr": 8.303645243402565,
      "low": {
        "value": 0.675,
        "irr": 7.432613489683712,
        "delta_irr": -0.871031753718853,
        "delta_pct": -10.489751527028536,
        "atcf": -15.240833333333379,
        "delta_atcf": 34.486249999999984
      },
      "high": {
        "value": 0.8250000000000001,
        "irr": 9.522301586810494,
        "delta_irr": 1.218656343407929,
        "delta_pct": 14.676160983348597,
        "atcf": -84.21333333333334,
        "delta_atcf": -34.48624999999998
      },
      "range_pct": 20,
      "impact": 2.089688097126782,
      "base_atcf": -49.72708333333336,
      "impact_atcf": 68.97249999999995
    },
    {
      "parameter": "Average Daily Rate",
      "base_value": 60.82191780821918,
      "base_irr": 8.303645243402565,
      "low": {
        "value": 48.65753424657535,
        "irr": 7.46450609480962,
        "delta_irr": -0.8391391485929454,
        "delta_pct": -10.105671954852124,
        "atcf": -124.42083333333319,
        "delta_atcf": -74.69374999999982
      },
      "high": {
        "value": 72.98630136986301,
        "irr": 9.162674832623448,
        "delta_irr": 0.8590295892208832,
        "delta_pct": 10.345210615824438,
        "atcf": 24.966666666666622,
        "delta_atcf": 74.69374999999998
      },
      "range_pct": 40,
      "impact": 1.6981687378138286,
      "base_atcf": -49.72708333333336,
      "impact_atcf": 149.38749999999982
    },
    {
      "parameter": "Amortization Rate",
      "base_value": 0.01333,
      "base_irr": 8.303645243402565,
      "low": {
        "value": 0.0,
        "irr": 9.20752725983038,
        "delta_irr": 0.903882016427815,
        "delta_pct": 10.885364077252333,
        "atcf": 146.05729166666666,
        "delta_atcf": 195.784375
      },
      "high": {
        "value": 0.02666,
        "irr": 7.573731722775842,
        "delta_irr": -0.7299135206267229,
        "delta_pct": -8.79027823601515,
        "atcf": -245.5114583333333,
        "delta_atcf": -195.78437499999995
      },
      "range_pct": 200,
      "impact": 1.6337955370545378,
      "base_atcf": -49.72708333333336,
      "impact_atcf": 391.56874999999997
    },
    {
      "parameter": "Maintenance Reserve Rate",
      "base_value": 0.0025,
      "base_irr": 8.303645243402565,
      "low": {
        "value": 0.0,
        "irr": 8.978020759765057,
        "delta_irr": 0.6743755163624918,
        "delta_pct": 8.121439399139776,
        "atcf": -0.7687500000000304,
        "delta_atcf": 48.95833333333333
      },
      "high": {
        "value": 0.005,
        "irr": 7.637005125638094,
        "delta_irr": -0.6666401177644712,
        "delta_pct": -8.02828273876623,
        "atcf": -98.6854166666667,
        "delta_atcf": -48.958333333333336
      },
      "range_pct": 100,
      "impact": 1.341015634126963,
      "base_atcf": -49.72708333333336,
      "impact_atcf": 97.91666666666667
    },
    {
      "parameter": "Purchase Price",
      "base_value": 940000.0,
      "base_irr": 8.303645243402565,
      "low": {
        "value": 846000.0,
        "irr": 8.740819253493095,
        "delta_irr": 0.4371740100905299,
        "delta_pct": 5.2648445023331725,
        "atcf": -10.345000000000047,
        "delta_atcf": 39.38208333333331
      },
      "high": {
        "value": 1034000.0000000001,
        "irr": 7.949838061351327,
        "delta_irr": -0.35380718205123785,
        "delta_pct": -4.260865820735125,
        "atcf": -89.10916666666667,
        "delta_atcf": -39.382083333333306
      },
      "range_pct": 20,
      "impact": 0.7909811921417678,
      "base_atcf": -49.72708333333336,
      "impact_atcf": 78.76416666666663
    },
    {
      "parameter": "Selling Costs Rate",
      "base_value": 0.078,
      "base_irr": 8.303645243402565,
      "low": {
        "value": 0.057999942000000006,
        "irr": 8.564459937158968,
        "delta_irr": 0.2608146937564033,
        "delta_pct": 3.140966239659943,
        "atcf": -49.72708333333336,
        "delta_atcf": 0.0
      },
      "high": {
        "value": 0.09799998,
        "irr": 8.033972344826907,
        "delta_irr": -0.26967289857565824,
        "delta_pct": -3.24764474722616,
        "atcf": -49.72708333333336,
        "delta_atcf": 0.0
      },
      "range_pct": 26,
      "impact": 0.5304875923320616,
      "base_atcf": -49.72708333333336,
      "impact_atcf": 0.0
    },
    {
      "parameter": "Occupancy Rate",
      "base_value": 1.0,
      "base_irr": 8.303645243402565,
      "low": {
        "value": 0.9,
        "irr": 7.881632185075429,
        "delta_irr": -0.42201305832713576,
        "delta_pct": -5.082262620292392,
        "atcf": -87.07395833333335,
        "delta_atcf": -37.34687499999999
      },
      "high": {
        "value": 1.0,
        "irr": 8.303645243402565,
        "delta_irr": 0.0,
        "delta_pct": 0.0,
        "atcf": -49.72708333333336,
        "delta_atcf": 0.0
      },
      "range_pct": 20,
      "impact": 0.42201305832713576,
      "base_atcf": -49.72708333333336,
      "impact_atcf": 37.34687499999999
    },
    {
      "parameter": "Inflation Rate",
      "base_value": 0.008,
      "base_irr": 8.303645243402565,
      "low": {
        "value": 0.004,
        "irr": 8.21665230346843,
        "delta_irr": -0.08699293993413448,
        "delta_pct": -1.0476475979420286
      },
      "high": {
        "value": 0.012,
        "irr": 8.393133308272805,
        "delta_irr": 0.08948806487024008,
        "delta_pct": 1.0776961472594266
      },
      "range_pct": 100,
      "impact": 0.17648100480437456
    },
    {
      "parameter": "Insurance Rate",
      "base_value": 0.0015,
      "base_irr": 8.303645243402565,
      "low": {
        "value": 0.0011250000000000001,
        "irr": 8.387210965622211,
        "delta_irr": 0.08356572221964598,
        "delta_pct": 1.0063739450579352,
        "atcf": -42.38333333333336,
        "delta_atcf": 7.34375
      },
      "high": {
        "value": 0.001875,
        "irr": 8.220272279810157,
        "delta_irr": -0.08337296359240831,
        "delta_pct": -1.0040525714733541,
        "atcf": -57.07083333333336,
        "delta_atcf": -7.34375
      },
      "range_pct": 50,
      "impact": 0.1669386858120543,
      "base_atcf": -49.72708333333336,
      "impact_atcf": 14.6875
    },
    {
      "parameter": "Winter Season Occupancy",
      "base_value": 1.0,