{
  "base_irr": 7.21096458798274,
  "sensitivities": [
    {
      "parameter": "Property Appreciation Rate",
      "base_value": 0.04,
      "base_irr": 7.21096458798274,
      "low": {
        "value": 0.024,
        "irr": 4.173521690536288,
        "delta_irr": -3.0374428974464527,
        "delta_pct": -42.12256017049965,
        "atcf": -163.5171568627451,
        "delta_atcf": 0.0
      },
      "high": {
        "value": 0.055999999999999994,
        "irr": 9.814447993878272,
        "delta_irr": 2.603483405895531,
        "delta_pct": 36.10450965512026,
        "atcf": -163.5171568627451,
        "delta_atcf": 0.0
      },
      "range_pct": 40,
      "impact": 5.640926303341984,
      "base_atcf": -163.5171568627451,
      "impact_atcf": 0.0
    },
    {
      "parameter": "Interest Rate",
      "base_value": 0.013,
      "base_irr": 7.21096458798274,
      "low": {
        "value": 0.002999997,
        "irr": 8.745161179918796,
        "delta_irr": 1.5341965919360554,
        "delta_pct": 21.275885815509813,
        "atcf": -21.32961420649511,
        "delta_atcf": 142.18754265625
      },
      "high": {
        "value": 0.023000002999999998,
        "irr": 5.751267927233126,
        "delta_irr": -1.4596966607496142,
        "delta_pct": -20.242737888107737,
        "atcf": -305.7046995189951,
        "delta_atcf": -142.18754265624997
      },
      "range_pct": 154,
      "impact": 2.9938932526856696,
      "base_atcf": -163.5171568627451,
      "impact_atcf": 284.3750853125
    },
    {
      "parameter": "Average Daily Rate",
      "base_value": 200.0,
      "base_irr": 7.21096458798274,
      "low": {
        "value": 160.0,
        "irr": 6.066273360047486,
        "delta_irr": -1.1446912279352546,
        "delta_pct": -15.874314926506672,
        "atcf": -305.64424019607844,
        "delta_atcf": -142.12708333333333
      },
      "high": {
        "value": 240.0,
        "irr": 8.079596317838874,
        "delta_irr": 0.8686317298561335,
        "delta_pct": 12.045985238975252,
        "atcf": -58.577573529411744,
        "delta_atcf": 104.93958333333336
      },
      "range_pct": 40,
      "impact": 2.013322957791388,
      "base_atcf": -163.5171568627451,
      "impact_atcf": 247.0666666666667
    },
    {
      "parameter": "Loan-to-Value (LTV)",
      "base_value": 0.75,
      "base_irr": 7.21096458798274,
      "low": {
        "value": 0.675,
        "irr": 6.450251613277941,
        "delta_irr": -0.7607129747047994,
        "delta_pct": -10.549392739669631,
        "atcf": -124.72028186274513,
        "delta_atcf": 38.796874999999986
      },
      "high": {
        "value": 0.8250000000000001,
        "irr": 8.272462828550484,
        "delta_irr": 1.0614982405677438,
        "delta_pct": 14.720613693440654,
        "atcf": -202.3140318627451,
        "delta_atcf": -38.796875
      },
      "range_pct": 20,
      "impact": 1.8222112152725431,
      "base_atcf": -163.5171568627451,
      "impact_atcf": 77.59374999999999
    },
    {
      "parameter": "Maintenance Reserve Rate",
      "base_value": 0.0025,
      "base_irr": 7.21096458798274,
      "low": {
        "value": 0.0,
        "irr": 7.885976667981592,
        "delta_irr": 0.6750120799988517,
        "delta_pct": 9.36091242389093,
        "atcf": -95.80882352941178,
        "delta_atcf": 67.70833333333333
      },
      "high": {
        "value": 0.005,
        "irr": 6.543399535585193,
        "delta_irr": -0.6675650523975474,
        "delta_pct": -9.257638756263784,
        "atcf": -231.22549019607845,
        "delta_atcf": -67.70833333333334
      },
      "range_pct": 100,
      "impact": 1.342577132396399,
      "base_atcf": -163.5171568627451,
      "impact_atcf": 135.41666666666669
    },
    {
      "parameter": "Average Length of Stay",
      "base_value": 1.7,
      "base_irr": 7.21096458798274,
      "low": {
        "value": 1.19,
        "irr": 6.46915576374158,
        "delta_irr": -0.7418088242411605,
        "delta_pct": -10.287234324758773,
        "atcf": -255.11379551820733,
        "delta_atcf": -91.59663865546221
      },
      "high": {
        "value": 2.21,
        "irr": 7.616683151107279,
        "delta_irr": 0.40571856312453836,
        "delta_pct": 5.626411809048111,
        "atcf": -114.1958898944193,
        "delta_atcf": 49.321266968325816
      },
      "range_pct": 60,
      "impact": 1.1475273873656988,
      "base_atcf": -163.5171568627451,
      "impact_atcf": 140.91790562378804
    },
    {
      "parameter": "Amortization Rate",
      "base_value": 0.01,
      "base_irr": 7.21096458798274,
      "low": {
        "value": 0.0,
        "irr": 7.79610410844907,
        "delta_irr": 0.5851395204663294,
        "delta_pct": 8.114580418845485,
        "atcf": 39.60784313725488,
        "delta_atcf": 203.125
      },
      "high": {
        "value": 0.02,
        "irr": 6.715735462959851,
        "delta_irr": -0.49522912502288907,
        "delta_pct": -6.86772371408121,
        "atcf": -366.64215686274514,
        "delta_atcf": -203.12500000000003
      },
      "range_pct": 200,
      "impact": 1.0803686454892185,
      "base_atcf": -163.5171568627451,
      "impact_atcf": 406.25
    },
    {
      "parameter": "Cleaning Cost per Stay",
      "base_value": 100.0,
      "base_irr": 7.21096458798274,
      "low": {
        "value": 70.0,
        "irr": 7.739271502476183,
        "delta_irr": 0.5283069144934425,
        "delta_pct": 7.326438897978776,
        "atcf": -99.39950980392162,
        "delta_atcf": 64.1176470588235
      },
      "high": {
        "value": 130.0,
        "irr": 6.690126686822618,
        "delta_irr": -0.5208379011601227,
        "delta_pct": -7.222860337271834,
        "atcf": -227.63480392156862,
        "delta_atcf": -64.11764705882351
      },
      "range_pct": 60,
      "impact": 1.0491448156535652,
      "base_atcf": -163.5171568627451,
      "impact_atcf": 128.23529411764702
    },
    {
      "parameter": "Occupancy Rate",
      "base_value": 0.63,
      "base_irr": 7.21096458798274,
      "low": {
        "value": 0.5670000000000001,
        "irr": 6.732395023573187,
        "delta_irr": -0.4785695644095531,
        "delta_pct": -6.636692755461617,
        "atcf": -222.3973700980392,
        "delta_atcf": -58.88021323529409
      },
      "high": {
        "value": 0.6930000000000001,
        "irr": 7.341078195255246,
        "delta_irr": 0.13011360727250576,
        "delta_pct": 1.8043856086790866,
        "atcf": -147.6407671568627,
        "delta_atcf": 15.876389705882417
      },
      "range_pct": 20,
      "impact": 0.6086831716820589,
      "base_atcf": -163.5171568627451,
      "impact_atcf": 74.75660294117651
    },
    {
      "parameter": "Selling Costs Rate",
      "base_value": 0.078,
      "base_irr": 7.21096458798274,
      "low": {
        "value": 0.057999942000000006,
        "irr": 7.4928477485664144,
        "delta_irr": 0.281883160583674,
        "delta_pct": 3.909090901007053,
        "atcf": -163.5171568627451,
        "delta_atcf": 0.0
      },
      "high": {
        "value": 0.09799998,
        "irr": 6.918820226099337,
        "delta_irr": -0.29214436188340365,
        "delta_pct": -4.05139088285456,
        "atcf": -163.5171568627451,
        "delta_atcf": 0.0
      },
      "range_pct": 26,
      "impact": 0.5740275224670777,
      "base_atcf": -163.5171568627451,
      "impact_atcf": 0.0
    },
    {
      "parameter": "Winter Season Occupancy",
      "base_value": 0.75,
      "base_irr": 7.21096458798274,
      "low": {
        "value": 0.6375,
        "irr": 6.95845896704122,
        "delta_irr": -0.2525056209415206,
        "delta_pct": -3.5016899315013665,
        "atcf": -194.48829656862745,
        "delta_atcf": -30.971139705882337
      },
      "high": {
        "value": 0.8624999999999999,
        "irr": 7.465213217306877,
        "delta_irr": 0.2542486293241364,
        "delta_pct": 3.5258615712500974,
        "atcf": -132.54601715686272,