{
  "base_irr": 5.941323843318966,
  "sensitivities": [
    {
      "parameter": "Property Appreciation Rate",
      "base_value": 0.04,
      "base_irr": 5.941323843318966,
      "low": {
        "value": 0.024,
        "irr": 3.3607372990809345,
        "delta_irr": -2.580586544238032,
        "delta_pct": -43.43453769381563,
        "atcf": 65.63526960784326,
        "delta_atcf": 0.0
      },
      "high": {
        "value": 0.055999999999999994,
        "irr": 8.224612672347572,
        "delta_irr": 2.2832888290286055,
        "delta_pct": 38.430640867963625,
        "atcf": 65.63526960784326,
        "delta_atcf": 0.0
      },
      "range_pct": 40,
      "impact": 4.863875373266637,
      "base_atcf": 65.63526960784326,
      "impact_atcf": 0.0
    },
    {
      "parameter": "Interest Rate",
      "base_value": 0.018,
      "base_irr": 5.941323843318966,
      "low": {
        "value": 0.004153842,
        "irr": 7.339640941936521,
        "delta_irr": 1.3983170986175546,
        "delta_pct": 23.535446568696397,
        "atcf": 223.13531685784324,
        "delta_atcf": 157.50004724999997
      },
      "high": {
        "value": 0.031846158,
        "irr": 4.582107090856876,
        "delta_irr": -1.35921675246209,
        "delta_pct": -22.87733825501757,
        "atcf": -91.86477764215675,
        "delta_atcf": -157.50004725000002
      },
      "range_pct": 154,
      "impact": 2.7575338510796445,
      "base_atcf": 65.63526960784326,
      "impact_atcf": 315.0000945
    },
    {
      "parameter": "Average Daily Rate",
      "base_value": 200.0,
      "base_irr": 5.941323843318966,
      "low": {
        "value": 160.0,
        "irr": 4.804374149534849,
        "delta_irr": -1.1369496937841177,
        "delta_pct": -19.136302342155957,
        "atcf": -113.07723039215684,
        "delta_atcf": -178.7125000000001
      },
      "high": {
        "value": 240.0,
        "irr": 6.441521232482045,
        "delta_irr": 0.5001973891630787,
        "delta_pct": 8.41895514121069,
        "atcf": 143.11276960784315,
        "delta_atcf": 77.47749999999989
      },
      "range_pct": 40,
      "impact": 1.6371470829471964,
      "base_atcf": 65.63526960784326,
      "impact_atcf": 256.19
    },
    {
      "parameter": "Maintenance Reserve Rate",
      "base_value": 0.0025,
      "base_irr": 5.941323843318966,
      "low": {
        "value": 0.0,
        "irr": 6.473299818579104,
        "delta_irr": 0.5319759752601376,
        "delta_pct": 8.95382896622183,
        "atcf": 133.34360294117658,
        "delta_atcf": 67.70833333333333
      },
      "high": {
        "value": 0.005,
        "irr": 5.411324027460065,
        "delta_irr": -0.5299998158589014,
        "delta_pct": -8.920567702346128,
        "atcf": -2.073063725490082,
        "delta_atcf": -67.70833333333334
      },
      "range_pct": 100,
      "impact": 1.061975791119039,
      "base_atcf": 65.63526960784326,
      "impact_atcf": 135.41666666666666
    },
    {
      "parameter": "Average Length of Stay",
      "base_value": 1.7,
      "base_irr": 5.941323843318966,
      "low": {
        "value": 1.19,
        "irr": 5.33417660510167,
        "delta_irr": -0.607147238217296,
        "delta_pct": -10.219056463317255,
        "atcf": -29.343721988795533,
        "delta_atcf": -94.97899159663879
      },
      "high": {
        "value": 2.21,
        "irr": 6.271002451423552,
        "delta_irr": 0.3296786081045857,
        "delta_pct": 5.548908236592929,
        "atcf": 116.77780354449482,
        "delta_atcf": 51.14253393665156
      },
      "range_pct": 60,
      "impact": 0.9368258463218817,
      "base_atcf": 65.63526960784326,
      "impact_atcf": 146.12152553329034
    },
    {
      "parameter": "Cleaning Cost per Stay",
      "base_value": 100.0,
      "base_irr": 5.941323843318966,
      "low": {
        "value": 70.0,
        "irr": 6.370284392964093,
        "delta_irr": 0.42896054964512675,
        "delta_pct": 7.219948970253388,
        "atcf": 132.12056372549026,
        "delta_atcf": 66.485294117647
      },
      "high": {
        "value": 130.0,
        "irr": 5.515626385342326,
        "delta_irr": -0.42569745797664016,
        "delta_pct": -7.1650270074966205,
        "atcf": -0.8500245098038212,
        "delta_atcf": -66.48529411764707
      },
      "range_pct": 60,
      "impact": 0.8546580076217669,
      "base_atcf": 65.63526960784326,
      "impact_atcf": 132.9705882352941
    },
    {
      "parameter": "Loan-to-Value (LTV)",
      "base_value": 0.6,
      "base_irr": 5.941323843318966,
      "low": {
        "value": 0.54,
        "irr": 5.567651785444465,
        "delta_irr": -0.37367205787450164,
        "delta_pct": -6.289373677125794,
        "atcf": 86.11026960784325,
        "delta_atcf": 20.474999999999994
      },
      "high": {
        "value": 0.66,
        "irr": 6.401642693672324,
        "delta_irr": 0.4603188503533575,
        "delta_pct": 7.747748860230658,
        "atcf": 45.16026960784325,
        "delta_atcf": -20.47500000000001
      },
      "range_pct": 20,
      "impact": 0.8339909082278592,
      "base_atcf": 65.63526960784326,
      "impact_atcf": 40.95
    },
    {
      "parameter": "Occupancy Rate",
      "base_value": 0.65,
      "base_irr": 5.941323843318966,
      "low": {
        "value": 0.5850000000000001,
        "irr": 5.521640249993648,
        "delta_irr": -0.4196835933253187,
        "delta_pct": -7.063806053885684,
        "atcf": 0.09276960784315709,
        "delta_atcf": -65.5425000000001
      },
      "high": {
        "value": 0.7150000000000001,
        "irr": 6.056756605859843,
        "delta_irr": 0.11543276254087687,
        "delta_pct": 1.9428794926013213,
        "atcf": 83.57634803921582,
        "delta_atcf": 17.94107843137256
      },
      "range_pct": 20,
      "impact": 0.5351163558661955,
      "base_atcf": 65.63526960784326,
      "impact_atcf": 83.48357843137266
    },
    {
      "parameter": "Selling Costs Rate",
      "base_value": 0.078,
      "base_irr": 5.941323843318966,
      "low": {
        "value": 0.057999942000000006,
        "irr": 6.185377228539433,
        "delta_irr": 0.24405338522046627,
        "delta_pct": 4.1077273627308655,
        "atcf": 65.63526960784326,
        "delta_atcf": 0.0
      },
      "high": {
        "value": 0.09799998,
        "irr": 5.689169482793656,
        "delta_irr": -0.25215436052531004,
        "delta_pct": -4.244077030220432,
        "atcf": 65.63526960784326,
        "delta_atcf": 0.0
      },
      "range_pct": 26,
      "impact": 0.4962077457457763,
      "base_atcf": 65.63526960784326,
      "impact_atcf": 0.0
    },
    {
      "parameter": "Purchase Price",
      "base_value": 1300000.0,
      "base_irr": 5.941323843318966,
      "low": {
        "value": 1170000.0,
        "irr": 6.1832952308468485,
        "delta_irr": 0.24197138752788216,
        "delta_pct": 4.072684706456115,
        "atcf": 92.8811029411766,
        "delta_atcf": 27.245833333333337
      },
      "high": {
        "value": 1430000.0,
        "irr": 5.744122564326968,
        "delta_irr": -0.19720127899199813,
        "delta_pct": -3.3191471159033266,
        "atcf": 38.38943627450991,
        "delta_atcf": -27.245833333333344
      },
      "range_pct": 20,
      "impact": 0.4391726665198803,
      "base_atcf": 65.63526960784326,
      "impact_atcf": 54.49166666666668
    },
    {
      "parameter": "Winter Season Occupancy",
      "base_value": 0.75,
      "base_irr": 5.941323843318966,
      "low": {
        "value": 0.6375,
        "irr": 5.731081957463173,
        "delta_irr": -0.21024188585579306,
        "delta_pct": -3.538637034441585,
        "atcf": 32.86319240196085,
        "delta_atcf": -32.772077205882404
      },
      "high": {
        "value": 0.8624999999999999,
        "irr": 6.152358749415722,
        "delta_irr": 0.21103490609675557,
        "delta_pct": 3.551984568793786,
        "atcf": 98.40734681372543,